{"cameraMode":{"drawMode":0,"name":"Shaded","section":"Shading Mode"},"sceneLighting":true,"audioPlay":false,"sceneViewState":{"m_AlwaysRefresh":false,"showFog":true,"showSkybox":true,"showFlares":true,"showImageEffects":true,"showParticleSystems":true,"showVisualEffectGraphs":true,"m_FxEnabled":true},"in2DMode":false,"pivot":{"x":1.3814655542373658,"y":0.623408317565918,"z":0.020073264837265016},"rotation":{"x":0.1760200411081314,"y":0.025098878890275956,"z":-0.004489483777433634,"w":0.9840562343597412},"size":3.0948143005371095,"orthographic":false}