{"cameraMode":{"drawMode":0,"name":"Shaded","section":"Shading Mode"},"sceneLighting":true,"audioPlay":false,"sceneViewState":{"m_AlwaysRefresh":false,"showFog":true,"showSkybox":true,"showFlares":true,"showImageEffects":true,"showParticleSystems":true,"showVisualEffectGraphs":true,"m_FxEnabled":true},"in2DMode":false,"pivot":{"x":-1.5134230852127076,"y":4.558486461639404,"z":-0.12050453573465347},"rotation":{"x":-0.4818907380104065,"y":-0.0034205494448542597,"z":0.0018799860263243318,"w":-0.8762336373329163},"size":9.712127685546875,"orthographic":true}