{"cameraMode":{"drawMode":0,"name":"Shaded","section":"Shading Mode"},"sceneLighting":true,"audioPlay":false,"sceneViewState":{"m_AlwaysRefresh":false,"showFog":true,"showSkybox":true,"showFlares":true,"showImageEffects":true,"showParticleSystems":true,"showVisualEffectGraphs":true,"m_FxEnabled":true},"in2DMode":false,"pivot":{"x":7.843836784362793,"y":1.0711853504180909,"z":8.185408592224121},"rotation":{"x":0.03871284797787666,"y":0.7999333739280701,"z":-0.5965928435325623,"w":0.05190982669591904},"size":1.2247449159622193,"orthographic":true}