{"cameraMode":{"drawMode":0,"name":"Shaded","section":"Shading Mode"},"sceneLighting":false,"audioPlay":false,"sceneViewState":{"m_AlwaysRefresh":false,"showFog":true,"showSkybox":false,"showFlares":true,"showImageEffects":true,"showParticleSystems":true,"showVisualEffectGraphs":true,"m_FxEnabled":true},"in2DMode":false,"pivot":{"x":4.999999523162842,"y":1.9161231517791749,"z":0.14144760370254517},"rotation":{"x":-0.15557031333446504,"y":0.6954565644264221,"z":-0.15830399096012116,"w":-0.6834610104560852},"size":1.7687073945999146,"orthographic":true}