{"cameraMode":{"drawMode":0,"name":"Shaded","section":"Shading Mode"},"sceneLighting":true,"audioPlay":false,"sceneViewState":{"m_AlwaysRefresh":false,"showFog":true,"showSkybox":true,"showFlares":true,"showImageEffects":true,"showParticleSystems":true,"showVisualEffectGraphs":true,"m_FxEnabled":true},"in2DMode":false,"pivot":{"x":0.7452727556228638,"y":-2.428694248199463,"z":-6.122752666473389},"rotation":{"x":0.07432860136032105,"y":0.004487534519284964,"z":-0.00033445502049289644,"w":0.9972245097160339},"size":34.961456298828128,"orthographic":true}