{"cameraMode":{"drawMode":0,"name":"Shaded","section":"Shading Mode"},"sceneLighting":false,"audioPlay":false,"sceneViewState":{"m_AlwaysRefresh":false,"showFog":true,"showSkybox":false,"showFlares":true,"showImageEffects":true,"showParticleSystems":true,"showVisualEffectGraphs":true,"m_FxEnabled":true},"in2DMode":false,"pivot":{"x":-1.4901161193847657e-8,"y":-1.4901161193847657e-8,"z":-0.46651872992515566},"rotation":{"x":-0.004007056355476379,"y":-0.968810498714447,"z":0.24727284908294679,"w":-0.01569962128996849},"size":0.7742993235588074,"orthographic":false}