{"cameraMode":{"drawMode":0,"name":"Shaded","section":"Shading Mode"},"sceneLighting":true,"audioPlay":false,"sceneViewState":{"m_AlwaysRefresh":false,"showFog":true,"showSkybox":true,"showFlares":true,"showImageEffects":true,"showParticleSystems":true,"showVisualEffectGraphs":true,"m_FxEnabled":true},"in2DMode":false,"pivot":{"x":2.949091911315918,"y":2.285745620727539,"z":0.8303689956665039},"rotation":{"x":-0.09910379350185394,"y":-0.029253242537379266,"z":0.0029147565364837648,"w":-0.9946438074111939},"size":0.8660253882408142,"orthographic":false}